Sample_Name	Indel	Type	countEvents
0_0_0_0_CTTTCACTTTATAGATTTAT	0+1	DELETION	325.0
0_0_0_0_CTTTCACTTTATAGATTTAT	2+2	DELETION	0.0
0_0_0_0_CTTTCACTTTATAGATTTAT	-1+2	DELETION	0.0
0_0_0_0_CTTTCACTTTATAGATTTAT	-3+2	DELETION	0.0
0_0_0_0_CTTTCACTTTATAGATTTAT	0+3	DELETION	0.0
0_0_0_0_CTTTCACTTTATAGATTTAT	-2+3	DELETION	0.0
0_0_0_0_CTTTCACTTTATAGATTTAT	-3+3	DELETION	0.0
0_0_0_0_CTTTCACTTTATAGATTTAT	-4+3	DELETION	0.0
0_0_0_0_CTTTCACTTTATAGATTTAT	0+4	DELETION	0.0
0_0_0_0_CTTTCACTTTATAGATTTAT	-1+4	DELETION	251.0
0_0_0_0_CTTTCACTTTATAGATTTAT	-4+4	DELETION	40.0
0_0_0_0_CTTTCACTTTATAGATTTAT	-5+4	DELETION	0.0
0_0_0_0_CTTTCACTTTATAGATTTAT	0+5	DELETION	0.0
0_0_0_0_CTTTCACTTTATAGATTTAT	-1+5	DELETION	0.0
0_0_0_0_CTTTCACTTTATAGATTTAT	-2+5	DELETION	0.0
0_0_0_0_CTTTCACTTTATAGATTTAT	-3+5	DELETION	0.0
0_0_0_0_CTTTCACTTTATAGATTTAT	-4+5	DELETION	0.0
0_0_0_0_CTTTCACTTTATAGATTTAT	-5+5	DELETION	0.0
0_0_0_0_CTTTCACTTTATAGATTTAT	0+6	DELETION	0.0
0_0_0_0_CTTTCACTTTATAGATTTAT	-1+6	DELETION	0.0
0_0_0_0_CTTTCACTTTATAGATTTAT	-2+6	DELETION	0.0
0_0_0_0_CTTTCACTTTATAGATTTAT	-4+6	DELETION	0.0
0_0_0_0_CTTTCACTTTATAGATTTAT	-7+6	DELETION	35.0
0_0_0_0_CTTTCACTTTATAGATTTAT	1+7	DELETION	0.0
0_0_0_0_CTTTCACTTTATAGATTTAT	-1+7	DELETION	0.0
0_0_0_0_CTTTCACTTTATAGATTTAT	-2+7	DELETION	0.0
0_0_0_0_CTTTCACTTTATAGATTTAT	-3+7	DELETION	54.0
0_0_0_0_CTTTCACTTTATAGATTTAT	-4+7	DELETION	0.0
0_0_0_0_CTTTCACTTTATAGATTTAT	-5+7	DELETION	0.0
0_0_0_0_CTTTCACTTTATAGATTTAT	-6+7	DELETION	0.0
0_0_0_0_CTTTCACTTTATAGATTTAT	-7+7	DELETION	114.0
0_0_0_0_CTTTCACTTTATAGATTTAT	2+8	DELETION	0.0
0_0_0_0_CTTTCACTTTATAGATTTAT	-2+8	DELETION	0.0
0_0_0_0_CTTTCACTTTATAGATTTAT	-3+8	DELETION	668.0
0_0_0_0_CTTTCACTTTATAGATTTAT	0+9	DELETION	173.0
0_0_0_0_CTTTCACTTTATAGATTTAT	-3+9	DELETION	0.0
0_0_0_0_CTTTCACTTTATAGATTTAT	-5+9	DELETION	0.0
0_0_0_0_CTTTCACTTTATAGATTTAT	-6+9	DELETION	0.0
0_0_0_0_CTTTCACTTTATAGATTTAT	-7+9	DELETION	0.0
0_0_0_0_CTTTCACTTTATAGATTTAT	-8+9	DELETION	0.0
0_0_0_0_CTTTCACTTTATAGATTTAT	0+10	DELETION	0.0
0_0_0_0_CTTTCACTTTATAGATTTAT	-1+10	DELETION	0.0
0_0_0_0_CTTTCACTTTATAGATTTAT	-3+10	DELETION	0.0
0_0_0_0_CTTTCACTTTATAGATTTAT	-5+10	DELETION	0.0
0_0_0_0_CTTTCACTTTATAGATTTAT	-6+10	DELETION	73.0
0_0_0_0_CTTTCACTTTATAGATTTAT	-9+10	DELETION	0.0
0_0_0_0_CTTTCACTTTATAGATTTAT	-11+10	DELETION	0.0
0_0_0_0_CTTTCACTTTATAGATTTAT	2+11	DELETION	0.0
0_0_0_0_CTTTCACTTTATAGATTTAT	-1+11	DELETION	0.0
0_0_0_0_CTTTCACTTTATAGATTTAT	-2+11	DELETION	0.0
0_0_0_0_CTTTCACTTTATAGATTTAT	-3+11	DELETION	0.0
0_0_0_0_CTTTCACTTTATAGATTTAT	-4+11	DELETION	0.0
0_0_0_0_CTTTCACTTTATAGATTTAT	-5+11	DELETION	0.0
0_0_0_0_CTTTCACTTTATAGATTTAT	-6+11	DELETION	0.0
0_0_0_0_CTTTCACTTTATAGATTTAT	-7+11	DELETION	0.0
0_0_0_0_CTTTCACTTTATAGATTTAT	-8+11	DELETION	23.0
0_0_0_0_CTTTCACTTTATAGATTTAT	-10+11	DELETION	0.0
0_0_0_0_CTTTCACTTTATAGATTTAT	-11+11	DELETION	0.0
0_0_0_0_CTTTCACTTTATAGATTTAT	-12+11	DELETION	0.0
0_0_0_0_CTTTCACTTTATAGATTTAT	0+12	DELETION	0.0
0_0_0_0_CTTTCACTTTATAGATTTAT	-2+12	DELETION	0.0
0_0_0_0_CTTTCACTTTATAGATTTAT	-4+12	DELETION	0.0
0_0_0_0_CTTTCACTTTATAGATTTAT	-5+12	DELETION	0.0
0_0_0_0_CTTTCACTTTATAGATTTAT	-6+12	DELETION	0.0
0_0_0_0_CTTTCACTTTATAGATTTAT	-7+12	DELETION	0.0
0_0_0_0_CTTTCACTTTATAGATTTAT	-8+12	DELETION	0.0
0_0_0_0_CTTTCACTTTATAGATTTAT	-9+12	DELETION	0.0
0_0_0_0_CTTTCACTTTATAGATTTAT	-11+12	DELETION	0.0
0_0_0_0_CTTTCACTTTATAGATTTAT	-12+12	DELETION	0.0
0_0_0_0_CTTTCACTTTATAGATTTAT	-13+12	DELETION	0.0
0_0_0_0_CTTTCACTTTATAGATTTAT	0+13	DELETION	0.0
0_0_0_0_CTTTCACTTTATAGATTTAT	-1+13	DELETION	0.0
0_0_0_0_CTTTCACTTTATAGATTTAT	-4+13	DELETION	0.0
0_0_0_0_CTTTCACTTTATAGATTTAT	-5+13	DELETION	0.0
0_0_0_0_CTTTCACTTTATAGATTTAT	-7+13	DELETION	0.0
0_0_0_0_CTTTCACTTTATAGATTTAT	-8+13	DELETION	0.0
0_0_0_0_CTTTCACTTTATAGATTTAT	-9+13	DELETION	0.0
0_0_0_0_CTTTCACTTTATAGATTTAT	-10+13	DELETION	0.0
0_0_0_0_CTTTCACTTTATAGATTTAT	-11+13	DELETION	0.0
0_0_0_0_CTTTCACTTTATAGATTTAT	-13+13	DELETION	0.0
0_0_0_0_CTTTCACTTTATAGATTTAT	0+14	DELETION	0.0
0_0_0_0_CTTTCACTTTATAGATTTAT	-1+14	DELETION	0.0
0_0_0_0_CTTTCACTTTATAGATTTAT	-2+14	DELETION	0.0
0_0_0_0_CTTTCACTTTATAGATTTAT	-3+14	DELETION	0.0
0_0_0_0_CTTTCACTTTATAGATTTAT	-4+14	DELETION	0.0
0_0_0_0_CTTTCACTTTATAGATTTAT	-7+14	DELETION	0.0
0_0_0_0_CTTTCACTTTATAGATTTAT	-8+14	DELETION	0.0
0_0_0_0_CTTTCACTTTATAGATTTAT	-9+14	DELETION	0.0
0_0_0_0_CTTTCACTTTATAGATTTAT	-10+14	DELETION	0.0
0_0_0_0_CTTTCACTTTATAGATTTAT	-11+14	DELETION	0.0
0_0_0_0_CTTTCACTTTATAGATTTAT	-12+14	DELETION	0.0
0_0_0_0_CTTTCACTTTATAGATTTAT	-13+14	DELETION	0.0
0_0_0_0_CTTTCACTTTATAGATTTAT	1+15	DELETION	0.0
0_0_0_0_CTTTCACTTTATAGATTTAT	-1+15	DELETION	0.0
0_0_0_0_CTTTCACTTTATAGATTTAT	-2+15	DELETION	0.0
0_0_0_0_CTTTCACTTTATAGATTTAT	-4+15	DELETION	0.0
0_0_0_0_CTTTCACTTTATAGATTTAT	-6+15	DELETION	0.0
0_0_0_0_CTTTCACTTTATAGATTTAT	-7+15	DELETION	0.0
0_0_0_0_CTTTCACTTTATAGATTTAT	-9+15	DELETION	0.0
0_0_0_0_CTTTCACTTTATAGATTTAT	-10+15	DELETION	0.0
